,count,mean,std,min,25%,50%,75%,max,geom_hdf_path,terrain_path,model_name
0,10890.0,0.0025565940886735916,0.059875864535570145,-0.660003662109375,-0.019744873046875,0.001739501953125,0.024261474609375,0.71075439453125,G:\AWS_ras2fim\sample-dataset\output_iowa\05_hecras_output\HUC_101702040606\7242483\HEC-RAS\7242483.g01.hdf,G:\AWS_ras2fim\sample-dataset\output_iowa\04_hecras_terrain\101702040606.vrt,7242483
1,6435.0,0.005910033825784922,0.08110316842794418,-0.89849853515625,-0.02325439453125,0.003753662109375,0.032989501953125,1.2340087890625,G:\AWS_ras2fim\sample-dataset\output_iowa\05_hecras_output\HUC_101702040606\7242511\HEC-RAS\7242511.g01.hdf,G:\AWS_ras2fim\sample-dataset\output_iowa\04_hecras_terrain\101702040606.vrt,7242511
2,5940.0,0.003751093288883567,0.09816347807645798,-0.89849853515625,-0.026763916015625,0.00299072265625,0.03326416015625,1.2340087890625,G:\AWS_ras2fim\sample-dataset\output_iowa\05_hecras_output\HUC_101702040606\7242531\HEC-RAS\7242531.g01.hdf,G:\AWS_ras2fim\sample-dataset\output_iowa\04_hecras_terrain\101702040606.vrt,7242531
3,9405.0,-0.00041168066672980785,0.09705878049135208,-0.933990478515625,-0.03326416015625,-0.000762939453125,0.029754638671875,1.44775390625,G:\AWS_ras2fim\sample-dataset\output_iowa\05_hecras_output\HUC_101702040606\7242581\HEC-RAS\7242581.g01.hdf,G:\AWS_ras2fim\sample-dataset\output_iowa\04_hecras_terrain\101702040606.vrt,7242581
